delete from eglc_petitiontype_master;
delete from eglc_court_master;
delete from eglc_casetype_master;
delete from eglc_courttype_master;
delete from eglc_judgmenttype_master;

INSERT INTO eglc_casetype_master (id,code,casetype,notes,ordernumber,active,createddate,lastmodifieddate,createdby,lastmodifiedby,"version") VALUES 
(2,'PUBHEALTH','Public Health','Public Health',2,true,now(),now(),1,1,0)
,(1,'ADMIN','Administration','Administration',1,true,now(),now(),1,1,1)
,(3,'ELECTIONS','Elections','Elections',3,true,now(),now(),1,1,0)
,(4,'SERVICEMATTERS','Service matters','Service matters',4,true,now(),now(),1,1,0)
,(5,'TOWNPLAN','Town Planning','Town Planning',5,true,now(),now(),1,1,0)
,(6,'LANDREFORMS','Land Reforms','Land Reforms',6,true,now(),now(),1,1,0)
,(7,'ENGG','Engineering','Engineering',7,true,now(),now(),1,1,0)
,(8,'REVENUE','Revenue','Revenue',8,true,now(),now(),1,1,0)
,(9,'OTHERS','Others','Others',9,true,now(),now(),1,1,0)
,(10,'ENFORCEMENT','Enforcement ','Enforcement ',10,true,now(),now(),1,1,0)
,(11,'LANDACQUISITION','land acquisition ','land acquisition ',11,true,now(),now(),1,1,0)
,(12,'PROPERTYMATTERS','property matters','property matters',12,true,now(),now(),1,1,0)
,(13,'CONTRACTAGREEMENT','contract agreement','contract agreement',13,true,now(),now(),1,1,0)
,(14,'AUCTION','Auction ','Auction ',14,true,now(),now(),1,1,0)
,(15,'FIREMATTERS','Fire matters','Fire matters',15,true,now(),now(),1,1,0)
,(16,'PROPERTYTAX','property tax ','property tax',16,true,now(),now(),1,1,0)
,(17,'ADVERTISEMENTMATTER','Advertisement matter','Advertisement matter',17,true,now(),now(),1,1,0)
,(18,'PAGRCOMMUNCENBOOKCASES','Park/ground/community centre booking cases','Park/ground/community centre booking cases',18,true,now(),now(),1,1,0)
,(19,'STREETVENDORMATTERS','Street vendor matters','Street vendor matters',19,true,now(),now(),1,1,0)
,(20,'REHABOFCOLSMATTERS','rehabilitation of colonies matters ','rehabilitation of colonies matters ',20,true,now(),now(),1,1,0)
,(21,'POLICIESANDSCHMATTERS','Policies matters','Policies matters',21,true,now(),now(),1,1,0)
,(22,'SOLIDWASTEMANAGERULES','Solid waste management rules ','Solid waste management rules ',22,true,now(),now(),1,1,0)
,(23,'SANITATINMATTERS','Sanitatin matters','Sanitatin matters',23,true,now(),now(),1,1,0)
,(24,'CT834036','Test',NULL,10,true,now(),now(),279,279,0)
;

INSERT INTO eglc_courttype_master (id,code,courttype,notes,ordernumber,active,createddate,lastmodifieddate,createdby,lastmodifiedby,"version") VALUES 
(1,'HIGHCOURT','High Court','High Court',1,true,now(),now(),1,1,0)
,(2,'SUPCOURT','Supreme Court','Supreme Court',2,true,now(),now(),1,1,0)
,(5,'DISTRICTCOURT','District Court','District Court',5,true,now(),now(),1,1,0)
,(4,'NGTND','National Green Tribunal New Delhi','National Green Tribunal New Delhi',4,true,now(),now(),1,1,0)
,(6,'CAT','Chief Administrator court','Chief Administrator court',6,true,now(),now(),1,1,0)
,(8,'LABOURCOURT','Labour Court','Labour Court',8,false,now(),now(),1,1,0)
,(3,'PLA','Permanent Lok Adalat','Permanent Lok Adalat',3,false,now(),now(),1,1,0)
,(7,'ATAC','Advisor to Administrator court','Advisor to Administrator court',7,false,now(),now(),1,1,0)
,(9,'NDRC','National Consumer Disputes Redressal Commission','National Consumer Disputes Redressal Commission',9,false,now(),now(),1,1,0)
,(10,'NCOI','National Commission of India','National Commission of India',10,false,now(),now(),1,1,0)
,(11,'NHRCD','National Human Right Commission Dehli','National Human Right Commission Dehli',11,false,now(),now(),1,1,0)
,(12,'CATCC','Central Administrative Tribunal court Chandigarh','Central Administrative Tribunal court Chandigarh',12,false,now(),now(),1,1,0)
,(13,'SCCC','State consumer Court Chandigarh','State consumer Court Chandigarh',13,false,now(),now(),1,1,0)
,(14,'DCCC','District Consumer court Chandigarh','District Consumer court Chandigarh',14,false,now(),now(),1,1,0)
,(15,'PFCC','Provident fund court Chandigarh','Provident fund court Chandigarh',15,false,now(),now(),1,1,0)
,(16,'DECCC','Deputy Commissioner court Chandigarh','Deputy Commissioner court Chandigarh',16,false,now(),now(),1,1,0)
,(17,'ALCCC','Assistant Labour Commissioner court Chandigarh','Assistant Labour Commissioner court Chandigarh',17,false,now(),now(),1,1,0)
;

INSERT INTO eglc_judgmenttype_master (id,code,judgmenttype,description,ordernumber,active,createddate,lastmodifieddate,createdby,lastmodifiedby,"version") VALUES 
(1,'ABATES','Abates','Abates',1,true,now(),now(),1,1,0)
,(2,'AGAINST','Against','Against',2,true,now(),now(),1,1,0)
,(3,'ARBITRATION','Arbitration','Arbitration',3,true,now(),now(),1,1,0)
,(4,'DISMISSAL','Dismissal','Dismissal',6,true,now(),now(),1,1,0)
,(5,'ENQUIRY','Enquiry','Enquiry',7,true,now(),now(),1,1,0)
,(6,'ALLOWED','Allowed','Allowed',4,true,now(),now(),1,1,0)
,(7,'CLOSED','Closed','Closed',5,true,now(),now(),1,1,0)
,(8,'EXPORDERE','Ex-Parte Order','Ex-Parte Order',8,true,now(),now(),1,1,0)
,(9,'WITHDRAWN','Withdrawn','Withdrawn',9,true,now(),now(),1,1,0)
,(10,'DECIDED','Decided','Decided',10,true,now(),now(),1,1,0)
;

INSERT INTO eglc_court_master (id,"name",address,courttype,ordernumber,active,createddate,lastmodifieddate,createdby,lastmodifiedby,"version") VALUES 
(4,'District Court','District Court',5,1,true,now(),now(),1,1,0)
,(6,'Permanent Lok Adalat ','Permanent Lok Adalat ',3,1,true,now(),now(),1,1,0)
,(7,'Chief Administrator court ','Chief Administrator court ',6,1,true,now(),now(),1,1,0)
,(8,'Advisor to Administrator court ','Advisor to Administrator court ',7,1,true,now(),now(),1,1,0)
,(9,'National Green Tribunal New Delhi','National Green Tribunal New Delhi',4,1,true,now(),now(),1,1,0)
,(10,'National Consumer Disputes Redressal Commission','National Consumer Disputes Redressal Commission',9,1,true,now(),now(),1,1,0)
,(11,'National Commission of India ','National Commission of India ',10,1,true,now(),now(),1,1,0)
,(12,'National Human Right Commission Dehli','National Human Right Commission Dehli',11,1,true,now(),now(),1,1,0)
,(13,'Central Administrative Tribunal court Chandigarh ','Central Administrative Tribunal court Chandigarh ',12,1,true,now(),now(),1,1,0)
,(14,'State consumer Court Chandigarh','State consumer Court Chandigarh',13,1,true,now(),now(),1,1,0)
,(15,'District Consumer court Chandigarh','District Consumer court Chandigarh',14,1,true,now(),now(),1,1,0)
,(16,'Provident fund court Chandigarh ','Provident fund court Chandigarh ',15,1,true,now(),now(),1,1,0)
,(17,'Deputy Commissioner court Chandigarh ','Deputy Commissioner court Chandigarh ',16,1,true,now(),now(),1,1,0)
,(18,'Assistant Labour Commissioner court Chandigarh','Assistant Labour Commissioner court Chandigarh',17,1,true,now(),now(),1,1,0)
,(1,'High court Punjab and Haryana','High court Punjab and Haryana',1,1,true,now(),now(),1,1,1)
,(5,'Labour Court ','Labour Court ',8,1,true,now(),now(),1,1,1)
,(2,'Supreme Court of India','Supreme Court of India',2,2,true,now(),now(),1,1,1)
;

INSERT INTO eglc_petitiontype_master (id,code,petitiontype,courttype,ordernumber,active,createddate,lastmodifieddate,createdby,lastmodifiedby,"version") VALUES 
(1,'WPC','WRIT PETITION CIVIL',1,1,true,now(),now(),1,1,0)
,(2,'CWP','CWP',1,2,true,now(),now(),1,1,0)
,(3,'RSA','RSA',1,3,true,now(),now(),1,1,0)
,(5,'LPA','LPA',1,1,true,now(),now(),1,1,0)
,(6,'CRM','CRM',1,1,true,now(),now(),1,1,0)
,(7,'COCP','COCP',1,1,true,now(),now(),1,1,0)
,(8,'CRR','CRR',1,1,true,now(),now(),1,1,0)
,(9,'CA','CA',1,1,true,now(),now(),1,1,0)
,(10,'FAO','FAO',1,1,true,now(),now(),1,1,0)
,(11,'IOIN','IOIN',1,1,true,now(),now(),1,1,0)
,(12,'CRWP','CRWP',1,1,true,now(),now(),1,1,0)
,(13,'CPMISC','CP-MISC',1,1,true,now(),now(),1,1,0)
,(14,'ARB','ARB',1,1,true,now(),now(),1,1,0)
,(15,'CIVILSUIT','Civil Suit',1,1,true,now(),now(),1,1,0)
,(16,'ADJ','ADJ',1,1,true,now(),now(),1,1,0)
,(17,'APPAPPEAL','APPLICATION/APPEAL',1,1,true,now(),now(),1,1,0)
,(18,'APPEALCOMPLAINTCASE','APPEAL COMPLAINT/CASE',1,1,true,now(),now(),1,1,0)
,(19,'ORIGINALAPPCONTEMPT','ORIGINAL APPLICATION AND CONTEMPT',1,1,true,now(),now(),1,1,0)
,(20,'DC1','ADPT - ADOPTION',5,1,true,now(),now(),1,1,0)
,(21,'DC2','ARB- ARBITRATION',5,2,true,now(),now(),1,1,0)
,(22,'DC3','BA-BAIL APPLICATION',5,3,true,now(),now(),1,1,0)
,(23,'DC4','CA-CIVIL APPEAL',5,4,true,now(),now(),1,1,0)
,(24,'DC5','CIVIL MISC - CIVIL MISCELINEOUS',5,5,true,now(),now(),1,1,0)
,(25,'DC6','CIVIL SUIT - CIVIT SUIT FOR DJ',5,6,true,now(),now(),1,1,0)
,(26,'DC7','Commercial Appeal',5,7,true,now(),now(),1,1,0)
,(27,'DC8','Commercial Suit',5,8,true,now(),now(),1,1,0)
,(28,'DC9','COMP 125 CRPC- MNT 125',5,9,true,now(),now(),1,1,0)
,(29,'DC10','COMP DV ACT - COMPLAINT DV ACT',5,10,true,now(),now(),1,1,0)
,(30,'DC11','COMP IPC - COMPLAINT IPC',5,11,true,now(),now(),1,1,0)
,(31,'DC12','COPY RIGHT',5,12,true,now(),now(),1,1,0)
,(32,'DC13','COUNTER CLAIM - CROSS OBJ COUNTER CLAIM OR OBJECTION',5,13,true,now(),now(),1,1,0)
,(33,'DC14','CRA - CRIMINAL APPEAL',5,14,true,now(),now(),1,1,0)
,(34,'DC15','CRL MISC - CRIMINAL MISCELLANEOUS CASES',5,15,true,now(),now(),1,1,0)
,(35,'DC16','CRR - CRIMINAL REVISION',5,16,true,now(),now(),1,1,0)
,(36,'DC17','CS - CIVIL SUIT FOR CIVIL JUDGE',5,17,true,now(),now(),1,1,0)
,(37,'DC18','DEPTT. ENQ. - DEPARTMENTAL ENQUIRY',5,18,true,now(),now(),1,1,0)
,(38,'DC19','DMC - DIVORCE AND MATRIMONIAL CASE',5,19,true,now(),now(),1,1,0)
,(39,'DC20','ECA - ESSSENTIAL COMMODITY ACT',5,20,true,now(),now(),1,1,0)
,(40,'DC21','ESIC - EMPLOYMENT STATE INSURANCE CORP',5,21,true,now(),now(),1,1,0)
,(41,'DC22','EXE- EXECUTION',5,22,true,now(),now(),1,1,0)
,(42,'DC23','GA - GUARDIAN CASES',5,23,true,now(),now(),1,1,0)
,(43,'DC24','GW - GUARDIAN AND WARD CASE',5,24,true,now(),now(),1,1,0)
,(44,'DC25','HINDU ADP - HINDU ADOPTATION MAINT',5,25,true,now(),now(),1,1,0)
,(45,'DC26','HMA - HINDU MARRIAGE ACT',5,26,true,now(),now(),1,1,0)
,(46,'DC27','HTA - HOUSE TAX APPEAL',5,27,true,now(),now(),1,1,0)
,(47,'DC28','INSO - INSOLVANCY',5,28,true,now(),now(),1,1,0)
,(48,'DC29','JBB - JUVENILE',5,29,true,now(),now(),1,1,0)
,(49,'DC30','LAC - LAND ACQ ACT',5,30,true,now(),now(),1,1,0)
,(50,'DC31','LUNANCY',5,31,true,now(),now(),1,1,0)
,(51,'DC32','MACP - MOTOR ACCIDENTIAL CLAIM PETITION',5,32,true,now(),now(),1,1,0)
,(52,'DC33','MC- MAHILA COURT',5,33,true,now(),now(),1,1,0)
,(53,'DC34','MCA CJ - MISC CIVIL APPEAL FOR CJ',5,34,true,now(),now(),1,1,0)
,(54,'DC35','MCA DJ - MISC CIVIL APPEAL FOR DJ',5,35,true,now(),now(),1,1,0)
,(55,'DC36','MHA - MENTAL HEALTH ACT',5,36,true,now(),now(),1,1,0)
,(56,'DC37','MISC DJ - MISC CASES FOR DJ',5,37,true,now(),now(),1,1,0)
,(57,'DC38','NACT - COMPLAINT / 138 NI ACT',5,38,true,now(),now(),1,1,0)
,(58,'DC39','NDPS - NDPS CASES',5,39,true,now(),now(),1,1,0)
,(59,'DC40','PC- CORRUPTION CASES',5,40,true,now(),now(),1,1,0)
,(60,'DC41','PCH - POLICE CHALLAN',5,41,true,now(),now(),1,1,0)
,(61,'DC42','PFA - PREVENTATION OF FOOD AND ALTER',5,42,true,now(),now(),1,1,0)
,(62,'DC43','PPA - PUBLIC PREMISES ACT',5,43,true,now(),now(),1,1,0)
,(63,'DC44','PROB - PROBATE/ LETTER OF ADMIN',5,44,true,now(),now(),1,1,0)
,(64,'DC45','RA - RENT APEAL',5,45,true,now(),now(),1,1,0)
,(65,'DC46','RCA CJ - REGULAR CIVIL APPEAL FOR CJ',5,46,true,now(),now(),1,1,0)
,(66,'DC47','RCA DJ - REGULAR CIVIL APPEAL FOR DJ',5,47,true,now(),now(),1,1,0)
,(67,'DC48','RC/ ARC - RENT CONTROLIER/ ADDL .R.C.',5,48,true,now(),now(),1,1,0)
,(68,'DC49','RCT/ ARCT - RENT CONTROL TRIBUNAL/ ADDL. R.',5,49,true,now(),now(),1,1,0)
,(69,'DC50','RECONCILIATION',5,50,true,now(),now(),1,1,0)
,(70,'DC51','REMP - REMAND PAPER',5,51,true,now(),now(),1,1,0)
,(71,'DC52','SC- SESSIONS CASE',5,52,true,now(),now(),1,1,0)
,(72,'DC53','CUCC - SUCCCESSION',5,53,true,now(),now(),1,1,0)
,(73,'DC54','TA CIVIL - TRANSFER APPLICATION CIVIL',5,54,true,now(),now(),1,1,0)
,(74,'DC55','TA CRL - TRANSFER APPLICATION CRL',5,55,true,now(),now(),1,1,0)
,(75,'DC56','TRADE MARK - TRADE MARKS',5,56,true,now(),now(),1,1,0)
,(76,'DC57','UNTRANCE - UNTRACE CAES',5,57,true,now(),now(),1,1,0)
,(77,'SC1','SPECIAL LEAVE PETITION (CIVIL)',2,1,true,now(),now(),1,1,0)
,(78,'SC2','SPECIAL LEAVE PETITION (CRIMINAL)',2,2,true,now(),now(),1,1,0)
,(79,'SC3','CIVIL APPEAL',2,3,true,now(),now(),1,1,0)
,(80,'SC4','CRIMINAL APPEAL',2,4,true,now(),now(),1,1,0)
,(81,'SC5','WRIT PETITION (CIVIL)',2,5,true,now(),now(),1,1,0)
,(82,'SC6','WRIT PETITION (CRIMINAL)',2,6,true,now(),now(),1,1,0)
,(83,'SC7','TRANSFER PETITION (CIVIL)',2,7,true,now(),now(),1,1,0)
,(84,'SC8','TRANSFER PETITION (CRIMINAL)',2,8,true,now(),now(),1,1,0)
,(85,'SC9','REVIEW PETITION (CIVIL)',2,9,true,now(),now(),1,1,0)
,(86,'SC10','REVIEW PETITION (CRIMINAL)',2,10,true,now(),now(),1,1,0)
,(87,'SC11','TRANSFERRED CASE (CIVIL)',2,11,true,now(),now(),1,1,0)
,(88,'SC12','TRANSFERRED CASE (CRIMINAL)',2,12,true,now(),now(),1,1,0)
,(89,'SC13','SPECIAL LEAVE TO PETITION (CIVIL)',2,13,true,now(),now(),1,1,0)
,(90,'SC14','SPECIAL LEAVE TO PETITION (CRIMINAL)',2,14,true,now(),now(),1,1,0)
,(91,'SC15','WRIT TO PEITION (CIVIL)',2,15,true,now(),now(),1,1,0)
,(92,'SC16','WRIT TO PEITION (CRIMINAL)',2,16,true,now(),now(),1,1,0)
,(93,'SC17','ORIGINAL SUIT',2,17,true,now(),now(),1,1,0)
,(94,'SC18','DEATH REFERENCE CASE',2,18,true,now(),now(),1,1,0)
,(95,'SC19','CONTEMPT PETITION (CIVIL)',2,19,true,now(),now(),1,1,0)
,(96,'SC20','CONTEMPT PETITION (CRIMINAL)',2,20,true,now(),now(),1,1,0)
,(97,'SC21','TAX REFERENCE CASE',2,21,true,now(),now(),1,1,0)
,(98,'SC22','SPECIAL REFERENCE CASE',2,22,true,now(),now(),1,1,0)
,(99,'SC23','ELECTION PETITION (CIVIL)',2,23,true,now(),now(),1,1,0)
,(100,'SC24','ARBITRATION PETITION',2,24,true,now(),now(),1,1,0)
,(101,'SC25','CURATIVE PETITION (CIVIL)',2,25,true,now(),now(),1,1,0)
,(102,'SC26','CURATIVE PETITION (CRIMINAL)',2,26,true,now(),now(),1,1,0)
,(103,'SC27','REF. U/A 317 (1)',2,27,true,now(),now(),1,1,0)
,(104,'SC28','MOTION (CRL)',2,28,true,now(),now(),1,1,0)
,(105,'SC29','DIARY NO',2,29,true,now(),now(),1,1,0)
,(106,'SC30','FILE NUMBER',2,30,true,now(),now(),1,1,0)
,(107,'SC31','DIARY NO AND DIARY YR',2,31,true,now(),now(),1,1,0)
,(108,'SC32','SUO MOTO WRIT PETITION (CIVIL)',2,32,true,now(),now(),1,1,0)
,(109,'SC33','SUO MOTO WRIT PETITION (CRIMINAL)',2,33,true,now(),now(),1,1,0)
,(110,'SC34','SUO MOTO CONTEMPT PETITION (CIVIL)',2,34,true,now(),now(),1,1,0)
,(111,'SC35','SUO MOTO CONTEMPT PETITION (CRIMINAL)',2,35,true,now(),now(),1,1,0)
,(112,'SC36','REF U/S 143',2,36,true,now(),now(),1,1,0)
,(113,'SC37','REF U/S 14 RTI',2,37,true,now(),now(),1,1,0)
,(114,'SC38','REF U/S 17 RTI',2,38,true,now(),now(),1,1,0)
,(115,'SC39','MISCELANEOUS APPLICATION',2,39,true,now(),now(),1,1,0)
,(116,'SC40','SUO MOTO TRANSFER PETITION (CIVIL)',2,40,true,now(),now(),1,1,0)
,(117,'SC41','SUO MOTO TRANSFER PETITION (CRIMINAL)',2,41,true,now(),now(),1,1,0)
,(118,'CAT1','C.P.',6,1,true,now(),now(),1,1,0)
,(119,'CAT2','Cr CP',6,2,true,now(),now(),1,1,0)
,(120,'CAT3','M.A.',6,3,true,now(),now(),1,1,0)
,(121,'CAT4','OAOBJ',6,4,true,now(),now(),1,1,0)
,(122,'CAT5','O.A.',6,5,true,now(),now(),1,1,0)
,(123,'CAT6','P.T.',6,6,true,now(),now(),1,1,0)
,(124,'CAT7','R.A.',6,7,true,now(),now(),1,1,0)
,(125,'CAT8','T.A.',6,8,true,now(),now(),1,1,0)
,(126,'GT1','Original Application',4,1,true,now(),now(),1,1,0)
,(127,'GT2','Review Application',4,2,true,now(),now(),1,1,0)
,(128,'GT3','MISC Application in disposed of Cases',4,3,true,now(),now(),1,1,0)
,(129,'GT4','Appeal',4,4,true,now(),now(),1,1,0)
,(130,'GT5','Execution Application',4,5,true,now(),now(),1,1,0)
,(131,'GT6','IA',4,6,true,now(),now(),1,1,0)
;

SELECT setval('seq_eglc_petitiontype_master', (SELECT max(id) FROM eglc_petitiontype_master));
SELECT setval('seq_eglc_casetype_master', (SELECT max(id) FROM eglc_casetype_master));
SELECT setval('seq_eglc_courttype_master', (SELECT max(id) FROM eglc_courttype_master));
SELECT setval('seq_eglc_judgmenttype_master', (SELECT max(id) FROM eglc_judgmenttype_master));
SELECT setval('seq_eglc_court_master', (SELECT max(id) FROM eglc_court_master));